{
    "loss": 11.742255210876465,
    "accuracy": 0.5395683646202087
}