{
    "loss": 2.2517330646514893,
    "accuracy": 0.5611510872840881
}